City_ID,City,Lat,Lng,Max Temp,Humidity,Cloudiness,Wind Speed,Country,Date
0,Kapaa,22.0752,-159.319,73.4,73,90,20.71,US,2021-04-03 07:15:15
1,Carberry,49.8689,-99.3602,35.6,51,1,9.22,CA,2021-04-03 07:15:15
2,Guerrero Negro,27.9769,-114.0611,58.59,89,0,11.5,MX,2021-04-03 07:15:15
3,Hilo,19.7297,-155.09,73.4,68,75,3.44,US,2021-04-03 07:15:15
4,Atuona,-9.8,-139.0333,80.28,82,82,14.9,PF,2021-04-03 07:15:15
5,Tuktoyaktuk,69.4541,-133.0374,-5.26,92,100,5.3,CA,2021-04-03 07:15:15
6,High Level,58.5169,-117.136,15.8,92,1,2.3,CA,2021-04-03 07:15:15
7,Auki,-8.7676,160.7034,82.6,75,88,2.01,SB,2021-04-03 07:15:15
8,Gandorhun,7.5,-11.8333,75.96,93,6,2.71,SL,2021-04-03 07:15:16
9,Rikitea,-23.1203,-134.9692,78.22,69,31,9.31,PF,2021-04-03 07:15:16
10,Kaitangata,-46.2817,169.8464,61.0,44,100,5.99,NZ,2021-04-03 07:15:16
11,Rolandia,-23.3097,-51.3692,64.4,82,0,2.3,BR,2021-04-03 07:15:16
12,Coos Bay,43.3665,-124.2179,44.6,93,1,6.91,US,2021-04-03 07:15:16
13,Margate,51.3813,1.3862,44.01,64,100,5.99,GB,2021-04-03 07:15:16
14,Busselton,-33.65,115.3333,78.01,58,1,4.0,AU,2021-04-03 07:14:58
15,Tasiilaq,65.6145,-37.6368,33.8,60,90,10.36,GL,2021-04-03 07:15:17
16,Omboue,-1.5746,9.2618,79.34,84,100,4.03,GA,2021-04-03 07:15:17
17,New Norfolk,-42.7826,147.0587,82.0,17,0,8.01,AU,2021-04-03 07:15:17
18,Ushuaia,-54.8,-68.3,44.6,93,90,8.05,AR,2021-04-03 07:15:17
19,Saint-Francois,46.4154,3.9054,44.01,70,0,9.22,FR,2021-04-03 07:15:17
20,Jiwani,25.05,61.7417,84.85,54,0,9.6,PK,2021-04-03 07:15:17
21,Bengkulu,-3.8004,102.2655,84.85,68,99,12.39,ID,2021-04-03 07:15:18
22,Puerto Ayora,-0.7393,-90.3518,73.99,94,86,3.51,EC,2021-04-03 07:15:18
23,Aitape,-3.1374,142.3475,78.76,89,100,10.18,PG,2021-04-03 07:15:18
24,Cape Town,-33.9258,18.4232,66.99,59,0,6.91,ZA,2021-04-03 07:12:23
25,Mengen,48.0495,9.3301,42.01,66,100,9.84,DE,2021-04-03 07:15:18
26,Baykit,61.67,96.37,33.15,87,100,4.0,RU,2021-04-03 07:15:18
27,Klaksvik,62.2266,-6.589,42.8,93,90,17.27,FO,2021-04-03 07:15:18
28,Hasaki,35.7333,140.8333,70.0,63,75,11.5,JP,2021-04-03 07:15:19
29,Arlit,18.7369,7.3853,75.34,10,0,3.24,NE,2021-04-03 07:15:19
30,Brae,60.3964,-1.353,44.6,76,75,13.8,GB,2021-04-03 07:15:19
31,Aden,12.7794,45.0367,82.9,55,3,7.43,YE,2021-04-03 07:15:19
32,Te Anau,-45.4167,167.7167,49.73,76,100,7.38,NZ,2021-04-03 07:15:19
33,Tonneins,44.3921,0.3124,50.0,66,0,6.91,FR,2021-04-03 07:15:19
34,Provideniya,64.3833,-173.3,7.79,94,100,12.55,RU,2021-04-03 07:15:20
35,Bethel,41.3712,-73.414,30.2,43,1,3.44,US,2021-04-03 07:15:20
36,Yarmouth,41.7057,-70.2286,33.8,60,40,5.75,US,2021-04-03 07:15:20
37,Rumonge,-3.9736,29.4386,77.49,69,65,1.92,BI,2021-04-03 07:15:21
38,Gurupa,-1.405,-51.64,71.91,99,97,1.72,BR,2021-04-03 07:15:21
39,Yellowknife,62.456,-114.3525,-2.0,84,90,8.05,CA,2021-04-03 07:15:21
40,Jamestown,42.097,-79.2353,26.01,68,1,4.61,US,2021-04-03 07:15:21
41,Bambous Virieux,-20.3428,57.7575,86.0,74,40,11.5,MU,2021-04-03 07:15:21
42,Mataura,-46.1927,168.8643,60.01,48,100,10.0,NZ,2021-04-03 07:15:21
43,College,64.8569,-147.8028,15.01,79,90,6.91,US,2021-04-03 07:15:21
44,Pevek,69.7008,170.3133,-15.0,97,12,2.98,RU,2021-04-03 07:15:22
45,Alta,69.9689,23.2717,36.0,60,20,3.44,NO,2021-04-03 07:15:22
46,Hermanus,-34.4187,19.2345,66.0,69,12,5.01,ZA,2021-04-03 07:15:22
47,Touros,-5.1989,-35.4608,75.2,94,75,4.61,BR,2021-04-03 07:15:22
48,Fortuna,40.5982,-124.1573,46.99,100,90,3.44,US,2021-04-03 07:15:22
49,Vaini,-21.2,-175.2,77.0,94,75,1.14,TO,2021-04-03 07:15:22
50,Kruisfontein,-34.0033,24.7314,63.0,82,33,1.01,ZA,2021-04-03 07:15:22
51,Martapura,-3.4167,114.85,87.8,66,40,12.66,ID,2021-04-03 07:15:22
52,Dikson,73.5069,80.5464,-3.71,73,12,3.87,RU,2021-04-03 07:15:23
53,Souillac,-20.5167,57.5167,86.0,74,40,11.5,MU,2021-04-03 07:15:23
54,Bredasdorp,-34.5322,20.0403,68.0,49,26,5.75,ZA,2021-04-03 07:15:23
55,Punta Arenas,-53.15,-70.9167,44.6,87,90,5.75,CL,2021-04-03 07:15:24
56,Palmer,42.1584,-72.3287,28.0,59,1,2.91,US,2021-04-03 07:15:24
57,Saint-Augustin,51.226,-58.6502,36.36,99,100,8.19,CA,2021-04-03 07:15:24
58,Ahipara,-35.1667,173.1667,64.31,80,59,4.09,NZ,2021-04-03 07:15:25
59,Kuytun,54.3419,101.5036,35.8,87,100,4.43,RU,2021-04-03 07:15:25
60,Sungairaya,0.7,108.9,88.27,56,86,11.03,ID,2021-04-03 07:15:25
61,Varnamo,57.186,14.04,37.0,67,84,1.01,SE,2021-04-03 07:15:25
62,Batemans Bay,-35.7167,150.1833,75.99,76,0,5.99,AU,2021-04-03 07:15:25
63,Chokurdakh,70.6333,147.9167,-10.17,96,11,2.42,RU,2021-04-03 07:15:25
64,Cap Malheureux,-19.9842,57.6142,86.0,69,3,7.0,MU,2021-04-03 07:15:25
65,Puerto Ayacucho,5.6639,-67.6236,75.42,90,100,4.56,VE,2021-04-03 07:15:26
66,Thompson,55.7435,-97.8558,28.4,74,1,6.91,CA,2021-04-03 07:15:26
67,Narsaq,60.9167,-46.05,35.6,93,90,3.42,GL,2021-04-03 07:15:26
68,Vanavara,60.34,102.2797,32.14,76,98,8.61,RU,2021-04-03 07:15:26
69,Albany,42.6001,-73.9662,28.0,74,0,5.55,US,2021-04-03 07:15:26
70,Takoradi,4.8845,-1.7554,79.63,86,100,6.87,GH,2021-04-03 07:15:26
71,Saint-Philippe,-21.3585,55.7679,84.2,83,90,14.97,RE,2021-04-03 07:15:26
72,Bluff,-46.6,168.3333,60.01,48,100,10.0,NZ,2021-04-03 07:15:26
73,Kahului,20.8947,-156.47,71.6,88,1,10.36,US,2021-04-03 07:15:27
74,Tokonou,9.65,-9.7833,71.13,67,53,4.34,GN,2021-04-03 07:15:27
75,Sorland,67.667,12.6934,39.2,81,75,14.97,NO,2021-04-03 07:15:27
76,Grindavik,63.8424,-22.4338,42.8,81,75,24.16,IS,2021-04-03 07:15:27
77,Castro,-24.7911,-50.0119,52.16,97,12,2.95,BR,2021-04-03 07:15:27
78,Goderich,43.7501,-81.7165,28.4,64,16,4.61,CA,2021-04-03 07:15:28
79,Torbay,47.6666,-52.7314,36.0,100,90,5.75,CA,2021-04-03 07:15:28
80,Butka,56.7179,63.7866,39.83,67,0,13.35,RU,2021-04-03 07:15:28
81,Laguna,38.421,-121.4238,53.01,76,1,8.05,US,2021-04-03 07:15:28
82,Camacha,33.0833,-16.3333,60.8,67,75,4.61,PT,2021-04-03 07:15:28
83,Abu Zabad,12.35,29.25,82.35,11,81,20.87,SD,2021-04-03 07:15:28
84,Uthal,25.8072,66.6219,103.55,6,0,9.93,PK,2021-04-03 07:15:29
85,Kumphawapi,17.1087,103.0149,100.99,41,0,8.05,TH,2021-04-03 07:15:29
86,Santa Isabel Do Rio Negro,-0.4139,-65.0192,72.32,98,100,2.64,BR,2021-04-03 07:15:29
87,Fort Nelson,58.8053,-122.7002,24.8,46,40,8.05,CA,2021-04-03 07:15:30
88,Muravlenko,63.7898,74.523,32.14,99,94,10.16,RU,2021-04-03 07:15:30
89,Carnarvon,-24.8667,113.6333,87.8,62,0,16.11,AU,2021-04-03 07:13:33
90,Pindushi,62.9152,34.58,32.13,90,98,5.1,RU,2021-04-03 07:15:30
91,Canto Do Buriti,-8.11,-42.9444,72.27,82,0,2.98,BR,2021-04-03 07:15:30
92,Ponta Do Sol,32.6667,-17.1,57.0,59,7,5.99,PT,2021-04-03 07:15:31
93,Porto Belo,-27.1578,-48.5531,68.0,94,75,4.61,BR,2021-04-03 07:15:31
94,Butaritari,3.0707,172.7902,82.15,81,32,15.21,KI,2021-04-03 07:15:31
95,Pacific Grove,36.6177,-121.9166,51.01,83,67,1.99,US,2021-04-03 07:15:31
96,Aswan,24.0934,32.907,69.37,22,6,15.9,EG,2021-04-03 07:15:31
97,Meulaboh,4.1363,96.1285,85.68,64,78,8.39,ID,2021-04-03 07:15:31
98,Amga,60.8953,131.9608,11.71,71,100,7.54,RU,2021-04-03 07:15:31
99,Samoded,63.6083,40.5111,33.13,82,96,3.71,RU,2021-04-03 07:15:32
100,Vestmannaeyjar,63.4427,-20.2734,43.63,86,6,16.28,IS,2021-04-03 07:15:32
101,Hobart,-42.8794,147.3294,82.4,14,0,21.85,AU,2021-04-03 07:12:32
102,Jerantut,3.936,102.3626,93.92,48,85,1.01,MY,2021-04-03 07:15:32
103,Santa Cruz Cabralia,-16.2781,-39.0247,75.2,94,75,2.3,BR,2021-04-03 07:15:32
104,Great Falls,47.5002,-111.3008,54.0,36,1,10.36,US,2021-04-03 07:15:32
105,Leningradskiy,69.3833,178.4167,-18.78,99,98,3.74,RU,2021-04-03 07:15:32
106,Zhangye,38.9342,100.4517,51.4,35,100,3.42,CN,2021-04-03 07:15:35
107,Lorengau,-2.0226,147.2712,81.16,81,86,5.28,PG,2021-04-03 07:15:35
108,East London,-33.0153,27.9116,66.2,72,20,9.22,ZA,2021-04-03 07:15:37
109,Port Alfred,-33.5906,26.891,63.7,75,98,3.27,ZA,2021-04-03 07:15:37
110,Huangnihe,43.5583,128.0239,42.66,23,100,13.51,CN,2021-04-03 07:15:37
111,Lages,-27.8161,-50.3261,56.32,90,91,5.01,BR,2021-04-03 07:15:37
112,Sao Felix Do Xingu,-6.6447,-51.995,69.3,98,83,1.41,BR,2021-04-03 07:15:37
113,Cabo San Lucas,22.8909,-109.9124,72.0,41,65,8.81,MX,2021-04-03 07:15:38
114,Sao Joao Da Barra,-21.6403,-41.0511,70.32,90,0,7.85,BR,2021-04-03 07:15:38
115,Ilulissat,69.2167,-51.1,6.8,72,75,11.5,GL,2021-04-03 07:15:38
116,Nikolskoye,59.7035,30.7861,35.01,93,90,8.95,RU,2021-04-03 07:15:38
117,Manzanillo,20.3433,-77.1167,71.65,85,10,11.95,CU,2021-04-03 07:15:38
118,Saldanha,-33.0117,17.9442,64.4,63,34,2.33,ZA,2021-04-03 07:15:38
119,Saint-Pierre,-21.3393,55.4781,82.4,83,90,14.97,RE,2021-04-03 07:15:39
120,Manado,1.487,124.8455,89.6,66,40,11.5,ID,2021-04-03 07:11:20
121,Puerto Escondido,15.85,-97.0667,79.84,53,0,6.13,MX,2021-04-03 07:15:39
122,Itarema,-2.9248,-39.9167,75.49,91,53,8.55,BR,2021-04-03 07:15:39
123,Asosa,10.0667,34.5333,83.16,25,91,6.87,ET,2021-04-03 07:15:39
124,Namibe,-15.1961,12.1522,77.7,79,29,6.08,AO,2021-04-03 07:15:39
125,Ouango,4.3133,22.5552,73.47,93,100,2.77,CF,2021-04-03 07:15:39
126,Novyy Nekouz,57.9029,38.07,34.63,88,64,3.58,RU,2021-04-03 07:15:39
127,Hambantota,6.1241,81.1185,91.4,62,20,13.8,LK,2021-04-03 07:15:40
128,Asau,46.4333,26.4,39.0,62,100,3.49,RO,2021-04-03 07:15:40
129,Horasan,40.0458,42.1728,39.11,63,100,4.99,TR,2021-04-03 07:15:40
130,Namatanai,-3.6667,152.4333,83.66,72,100,6.93,PG,2021-04-03 07:15:40
131,Sovkhoznyy,45.2946,38.1138,54.0,71,75,24.61,RU,2021-04-03 07:15:40
132,Verkhnevilyuysk,63.4453,120.3167,6.21,76,100,4.45,RU,2021-04-03 07:15:40
133,Pasighat,28.0667,95.3333,86.74,29,48,4.63,IN,2021-04-03 07:15:40
134,Kampene,-3.6,26.6667,76.12,78,34,1.97,CD,2021-04-03 07:15:41
135,Pisco,-13.7,-76.2167,68.0,77,0,5.75,PE,2021-04-03 07:15:41
136,Malm,64.0721,11.2172,42.01,75,90,18.41,NO,2021-04-03 07:15:41
137,Sao Jose Da Coroa Grande,-8.8978,-35.1478,76.55,82,46,2.46,BR,2021-04-03 07:15:41
138,Tiksi,71.6872,128.8694,-11.25,98,100,8.32,RU,2021-04-03 07:15:41
139,Ribeira Grande,38.5167,-28.7,60.8,100,75,27.63,PT,2021-04-03 07:15:41
140,Marsh Harbour,26.5412,-77.0636,66.87,55,82,22.55,BS,2021-04-03 07:15:41
141,Coahuayana,18.7333,-103.6833,72.48,70,40,2.48,MX,2021-04-03 07:15:42
142,Jaguey Grande,22.5269,-81.1286,71.6,64,40,12.66,CU,2021-04-03 07:15:42
143,Luangwa,-15.6167,30.4167,75.92,63,5,3.04,ZM,2021-04-03 07:15:42
144,Airai,-8.9266,125.4092,69.53,76,100,4.16,TL,2021-04-03 07:15:42
145,Orebro,59.2741,15.2066,39.2,52,100,13.8,SE,2021-04-03 07:15:43
146,Porto Novo,6.4965,2.6036,84.2,84,40,5.75,BJ,2021-04-03 07:15:43
147,San Patricio,28.017,-97.5169,61.0,82,20,8.05,US,2021-04-03 07:15:43
148,Carballo,43.213,-8.691,54.0,95,33,1.99,ES,2021-04-03 07:15:43
149,Zharkent,44.1628,80.0,44.42,49,100,1.79,KZ,2021-04-03 07:15:43
150,Mahebourg,-20.4081,57.7,86.0,74,40,11.5,MU,2021-04-03 07:15:43
151,Qaanaaq,77.484,-69.3632,-15.9,93,100,10.76,GL,2021-04-03 07:15:44
152,Buraydah,26.326,43.975,69.8,35,40,20.71,SA,2021-04-03 07:15:44
153,Mildura,-34.2,142.15,93.0,17,0,2.3,AU,2021-04-03 07:15:44
154,Oriximina,-1.7656,-55.8661,73.27,96,98,2.51,BR,2021-04-03 07:15:45
155,Arraial Do Cabo,-22.9661,-42.0278,73.44,80,1,8.25,BR,2021-04-03 07:15:45
156,Tekeli,44.83,78.8239,34.54,84,43,0.31,KZ,2021-04-03 07:15:45
157,Kem,64.9555,34.5793,32.79,78,70,3.71,RU,2021-04-03 07:15:45
158,Acapulco,16.8634,-99.8901,77.99,61,0,4.0,MX,2021-04-03 07:15:45
159,Tual,-5.6667,132.75,81.41,75,100,3.76,ID,2021-04-03 07:15:45
160,Madimba,-10.4,40.3333,75.2,100,75,13.8,TZ,2021-04-03 07:15:45
161,Matamoros,25.5333,-103.25,69.01,47,100,1.99,MX,2021-04-03 07:15:45
162,Hellvik,59.9156,5.781,39.0,66,19,8.01,NO,2021-04-03 07:15:46
163,La Ronge,55.1001,-105.2842,24.8,80,39,3.44,CA,2021-04-03 07:15:46
164,Bathsheba,13.2167,-59.5167,78.8,61,75,14.97,BB,2021-04-03 07:15:46
165,Svetlaya,46.5389,138.3297,45.36,63,100,13.53,RU,2021-04-03 07:15:47
166,Pangnirtung,66.1451,-65.7125,-14.42,59,0,6.69,CA,2021-04-03 07:15:47
167,Shenjiamen,29.9576,122.298,59.27,86,54,16.75,CN,2021-04-03 07:15:47
168,Lazaro Cardenas,17.9583,-102.2,74.26,74,1,3.67,MX,2021-04-03 07:15:47
169,North Platte,41.1239,-100.7654,53.01,37,1,8.21,US,2021-04-03 07:15:47
170,Belmonte,-15.8631,-38.8828,75.2,94,75,2.3,BR,2021-04-03 07:15:47
171,Verkhnetulomskiy,68.6073,31.7962,32.0,74,40,2.24,RU,2021-04-03 07:15:47
172,Pahrump,36.2083,-115.9839,68.0,14,1,4.81,US,2021-04-03 07:15:48
173,Seoul,37.5683,126.9778,59.0,88,90,8.05,KR,2021-04-03 07:15:34
174,Freeport,40.6576,-73.5832,33.01,37,1,9.22,US,2021-04-03 07:15:48
175,Panaba,21.2833,-88.2667,70.11,55,100,10.6,MX,2021-04-03 07:15:48
176,Hamilton,39.1834,-84.5333,35.01,86,1,3.4,US,2021-04-03 07:15:48
177,Victoria,22.2855,114.1577,90.0,58,20,13.8,HK,2021-04-03 07:15:08
178,Saint George,37.1041,-113.5841,64.99,24,1,5.75,US,2021-04-03 07:15:49
179,Kelc,49.4784,17.8153,41.0,91,100,3.0,CZ,2021-04-03 07:15:49
180,Bara,10.3744,10.7288,80.33,9,7,11.32,NG,2021-04-03 07:15:49
181,Paragominas,-2.9667,-47.4833,70.43,98,100,2.48,BR,2021-04-03 07:15:49
182,Mount Gambier,-37.8333,140.7667,89.6,14,0,19.57,AU,2021-04-03 07:11:12
183,Axim,4.8699,-2.2405,79.7,86,100,6.2,GH,2021-04-03 07:15:50
184,Esperance,-33.8667,121.9,71.6,56,40,18.41,AU,2021-04-03 07:15:50
185,Worland,44.0169,-107.9554,44.6,29,1,8.05,US,2021-04-03 07:15:50
186,Lebu,-37.6167,-73.65,52.7,92,28,14.52,CL,2021-04-03 07:15:50
187,Norman Wells,65.282,-126.8329,1.4,71,75,4.61,CA,2021-04-03 07:15:50
188,Pitimbu,-7.4706,-34.8086,75.2,100,20,6.91,BR,2021-04-03 07:15:50
189,Kedrovyy,56.1667,91.8167,37.4,70,75,11.18,RU,2021-04-03 07:15:51
190,Dobson,36.3957,-80.7226,32.0,75,0,3.53,US,2021-04-03 07:15:51
191,Wasilla,61.5814,-149.4394,28.4,50,90,4.25,US,2021-04-03 07:15:51
192,Katsuura,35.1333,140.3,68.0,55,40,5.75,JP,2021-04-03 07:15:51
193,Upernavik,72.7868,-56.1549,-17.43,97,100,5.3,GL,2021-04-03 07:15:51
194,Bambanglipuro,-7.95,110.2833,86.0,64,41,8.46,ID,2021-04-03 07:15:51
195,Nome,64.5011,-165.4064,17.6,79,90,4.07,US,2021-04-03 07:15:52
196,Anjar,23.1333,70.0167,98.69,14,1,6.78,IN,2021-04-03 07:15:52
197,Mar Del Plata,-38.0023,-57.5575,64.99,94,0,3.44,AR,2021-04-03 07:15:52
198,Bilma,18.6853,12.9164,72.18,12,0,10.18,NE,2021-04-03 07:15:52
199,Ulladulla,-35.35,150.4667,75.99,64,0,6.91,AU,2021-04-03 07:15:52
200,Ascension,30.2169,-90.9001,44.01,93,1,5.39,US,2021-04-03 07:15:53
201,Waverley,-25.7023,28.2591,73.4,56,5,8.05,ZA,2021-04-03 07:15:53
202,Rantepao,-2.9701,119.8978,86.99,40,55,3.56,ID,2021-04-03 07:15:53
203,Utete,-7.986,38.758,80.33,76,100,4.74,TZ,2021-04-03 07:15:53
204,Coihaique,-45.5752,-72.0662,44.38,97,85,5.7,CL,2021-04-03 07:15:53
205,Ancud,-41.8697,-73.8203,44.01,91,35,3.0,CL,2021-04-03 07:15:54
206,Mecca,21.4267,39.8261,81.97,20,15,12.44,SA,2021-04-03 07:14:44
207,Mount Isa,-20.7333,139.5,87.8,23,1,10.36,AU,2021-04-03 07:15:54
208,Lata,40.1629,-8.3327,57.0,100,90,6.91,PT,2021-04-03 07:15:54
209,Clyde River,70.4692,-68.5914,-18.4,69,1,8.05,CA,2021-04-03 07:15:54
210,Karratha,-20.7377,116.8463,95.56,24,59,15.55,AU,2021-04-03 07:15:54
211,Kayerkan,69.3497,87.7602,2.43,74,2,4.34,RU,2021-04-03 07:15:54
212,Taoudenni,22.6783,-3.9836,80.51,11,72,8.25,ML,2021-04-03 07:15:55
213,Evensk,61.95,159.2333,9.27,74,8,2.91,RU,2021-04-03 07:15:55
214,Jizan,17.3333,42.6667,86.0,70,40,9.22,SA,2021-04-03 07:14:41
215,Bielsk Podlaski,52.7651,23.1865,39.0,78,100,3.0,PL,2021-04-03 07:15:55
216,Altay,47.8667,88.1167,43.09,37,0,1.61,CN,2021-04-03 07:15:55
217,Biak,-0.9131,122.8766,87.19,61,49,3.91,ID,2021-04-03 07:15:55
218,Rio Gallegos,-51.6226,-69.2181,50.0,87,75,9.22,AR,2021-04-03 07:15:55
219,Santa Fe,-31.6333,-60.7,64.99,88,37,1.01,AR,2021-04-03 07:15:55
220,Padang,-0.9492,100.3543,86.0,70,40,3.44,ID,2021-04-03 07:12:47
221,Nicoya,10.1483,-85.452,78.8,57,0,26.46,CR,2021-04-03 07:15:56
222,Harper,4.375,-7.7169,78.31,89,100,4.47,LR,2021-04-03 07:15:56
223,Katobu,-4.9408,122.5276,86.34,64,82,9.75,ID,2021-04-03 07:15:56
224,Ekhabi,53.5102,142.9671,35.46,99,100,13.0,RU,2021-04-03 07:15:56
225,Walvis Bay,-22.9575,14.5053,68.0,77,3,1.14,NA,2021-04-03 07:15:56
226,Barrow,71.2906,-156.7887,-20.2,76,1,5.75,US,2021-04-03 07:15:56
227,Saskylakh,71.9167,114.0833,-10.91,90,100,4.41,RU,2021-04-03 07:15:57
228,Keti Bandar,24.1447,67.4497,97.79,22,7,8.97,PK,2021-04-03 07:15:57
229,Qasigiannguit,68.8193,-51.1922,6.8,72,75,11.5,GL,2021-04-03 07:15:57
230,Lerwick,60.1545,-1.1494,44.6,76,75,13.8,GB,2021-04-03 07:15:57
231,Asyut,27.181,31.1837,55.4,54,0,10.36,EG,2021-04-03 07:15:57
232,Vardo,70.3705,31.1107,30.65,83,22,15.79,NO,2021-04-03 07:15:57
233,Polonnaruwa,7.9333,81.0,100.51,23,100,6.96,LK,2021-04-03 07:15:57
234,Burton,42.9995,-83.6163,35.6,44,1,4.61,US,2021-04-03 07:15:58
235,Yarim,14.298,44.3779,68.0,14,4,4.52,YE,2021-04-03 07:15:58
236,Kamaishi,39.2667,141.8833,66.2,52,75,14.97,JP,2021-04-03 07:11:18
237,Ayr,55.4627,-4.6339,33.8,93,0,2.3,GB,2021-04-03 07:15:59
238,Kalaleh,37.3807,55.4916,57.2,82,90,4.61,IR,2021-04-03 07:15:59
239,Tura,25.5198,90.2201,94.48,20,1,7.54,IN,2021-04-03 07:15:59
240,Havoysund,70.9963,24.6622,30.2,100,75,13.8,NO,2021-04-03 07:15:59
241,Chicama,-7.8447,-79.1469,71.56,78,92,3.11,PE,2021-04-03 07:15:59
242,Los Alamos,35.8881,-106.307,53.6,30,1,6.91,US,2021-04-03 07:15:59
243,Lamar,33.6668,-95.5836,53.6,50,90,8.05,US,2021-04-03 07:15:59
244,Talnakh,69.4865,88.3972,1.26,73,0,6.2,RU,2021-04-03 07:16:00
245,Puerto Del Rosario,28.5004,-13.8627,64.4,68,75,12.66,ES,2021-04-03 07:16:00
246,Micheweni,-4.9667,39.8333,82.6,75,14,13.44,TZ,2021-04-03 07:16:00
247,Kirakira,-10.4544,161.9205,81.97,83,47,9.8,SB,2021-04-03 07:16:00
248,Maine-Soroa,13.2114,12.0241,75.07,12,0,14.76,NE,2021-04-03 07:16:00
249,Tara,56.8944,74.371,34.12,99,100,9.51,RU,2021-04-03 07:16:00
250,Cidreira,-30.1811,-50.2056,69.67,78,4,11.86,BR,2021-04-03 07:16:00
251,Krasnyy Kurgan,43.9422,42.6108,53.6,54,11,2.24,RU,2021-04-03 07:16:01
252,Puerto Colombia,10.9878,-74.9547,77.0,88,75,8.05,CO,2021-04-03 07:16:01
253,Iqaluit,63.7506,-68.5145,-13.0,70,1,2.3,CA,2021-04-03 07:16:01
254,Dinghai,26.2847,119.7936,68.0,83,90,11.18,CN,2021-04-03 07:16:01
255,Dire,12.2833,-10.9667,75.88,15,6,1.1,ML,2021-04-03 07:16:01
256,Cauquenes,-35.9671,-72.3225,53.89,61,0,3.22,CL,2021-04-03 07:16:01
257,Kangaatsiaq,68.3065,-53.4641,9.82,69,81,17.13,GL,2021-04-03 07:16:02
258,Dakar,14.6937,-17.4441,68.0,88,19,8.05,SN,2021-04-03 07:16:02
259,Pemba,-12.974,40.5178,78.8,94,75,10.36,MZ,2021-04-03 07:16:02
260,Chauk,20.8833,94.8167,101.8,16,46,0.38,MM,2021-04-03 07:16:02
261,Kijang,35.2442,129.2139,64.4,88,90,1.14,KR,2021-04-03 07:16:02
262,Awbari,26.5921,12.7805,69.78,18,2,10.36,LY,2021-04-03 07:16:02
263,Tommot,58.9564,126.2925,19.65,61,100,4.65,RU,2021-04-03 07:16:03
264,Sao Francisco Do Sul,-26.2433,-48.6381,66.99,88,94,1.01,BR,2021-04-03 07:16:03
265,Isangel,-19.55,169.2667,82.4,89,90,10.33,VU,2021-04-03 07:16:03
266,Jacareacanga,-6.2222,-57.7528,71.91,99,86,1.1,BR,2021-04-03 07:16:03
267,Presidente Medici,-11.1753,-61.9014,71.28,98,100,1.9,BR,2021-04-03 07:16:03
268,Port Blair,11.6667,92.75,85.28,53,95,4.41,IN,2021-04-03 07:16:03
269,Burnie,-41.0667,145.9167,70.45,58,0,13.89,AU,2021-04-03 07:16:04
270,Sabha,27.0377,14.4283,70.18,20,0,10.42,LY,2021-04-03 07:16:04
271,Mana,5.6592,-53.7767,75.72,92,100,6.08,GF,2021-04-03 07:16:04
272,Faanui,-16.4833,-151.75,82.27,71,0,2.24,PF,2021-04-03 07:16:04
273,Grand Gaube,-20.0064,57.6608,86.0,69,3,7.0,MU,2021-04-03 07:16:05
274,Sindor,62.8629,51.8905,33.04,86,49,2.71,RU,2021-04-03 07:16:05
275,Kutum,14.2,24.6667,71.46,15,13,11.32,SD,2021-04-03 07:16:05
276,Yining,29.0361,114.5636,57.02,90,100,3.78,CN,2021-04-03 07:16:05
277,Banyo,6.75,11.8167,76.75,20,99,2.55,CM,2021-04-03 07:16:05
278,Iguatemi,-23.6803,-54.5611,64.58,74,5,2.86,BR,2021-04-03 07:16:05
279,Pangkalanbuun,-2.6833,111.6167,90.07,54,94,5.19,ID,2021-04-03 07:16:05
280,Razole,16.4833,81.8333,96.8,46,75,9.22,IN,2021-04-03 07:16:06
281,Beyneu,45.3167,55.2,57.16,38,1,18.3,KZ,2021-04-03 07:16:06
282,Champerico,14.3,-91.9167,82.35,69,0,3.13,GT,2021-04-03 07:16:07
283,Sitka,57.0531,-135.33,33.8,93,90,4.61,US,2021-04-03 07:16:07
284,Bilibino,68.0546,166.4372,-6.23,86,100,7.92,RU,2021-04-03 07:16:07
285,Luderitz,-26.6481,15.1594,75.43,38,5,14.47,NA,2021-04-03 07:16:07
286,Montepuez,-13.1256,38.9997,75.76,79,59,7.36,MZ,2021-04-03 07:16:08
287,Nakhon Phanom,17.3333,104.4167,93.2,52,0,3.44,TH,2021-04-03 07:16:08
288,Georgetown,5.4112,100.3354,93.2,58,20,8.05,MY,2021-04-03 07:15:39
289,Unai,-16.3575,-46.9061,68.65,90,70,1.88,BR,2021-04-03 07:16:08
290,Saquena,-4.6667,-73.5167,70.93,98,86,2.44,PE,2021-04-03 07:16:08
291,Iwaki,37.05,140.8833,66.0,56,10,3.0,JP,2021-04-03 07:14:15
292,Muros,42.7762,-9.0603,55.0,82,9,11.01,ES,2021-04-03 07:16:09
293,Khatanga,71.9667,102.5,-1.16,76,11,7.38,RU,2021-04-03 07:16:09
294,Tautira,-17.7333,-149.15,78.8,83,75,4.61,PF,2021-04-03 07:16:09
295,Severo-Kurilsk,50.6789,156.125,32.56,75,100,4.43,RU,2021-04-03 07:16:09
296,Hithadhoo,-0.6,73.0833,84.18,74,100,17.72,MV,2021-04-03 07:16:09
297,Waipawa,-41.4122,175.5153,60.01,77,100,19.57,NZ,2021-04-03 07:16:09
298,Quepos,9.4236,-84.1652,69.8,68,0,16.11,CR,2021-04-03 07:16:09
299,Henties Bay,-22.116,14.2845,68.0,79,5,1.99,NA,2021-04-03 07:16:10
300,San Cristobal,7.7669,-72.225,66.29,81,76,1.12,VE,2021-04-03 07:16:10
301,Bandarbeyla,9.4942,50.8122,85.73,52,1,9.35,SO,2021-04-03 07:16:10
302,Whitianga,-36.8333,175.7,64.0,80,6,1.99,NZ,2021-04-03 07:16:10
303,Matara,5.9485,80.5353,88.25,61,85,13.18,LK,2021-04-03 07:16:10
304,Tottori,35.5,134.2333,71.6,46,40,16.11,JP,2021-04-03 07:15:05
305,Karaton,-6.3424,106.1045,84.99,78,40,3.44,ID,2021-04-03 07:16:11
306,Sibolga,1.7427,98.7792,86.81,63,55,7.78,ID,2021-04-03 07:16:11
307,Geraldton,-28.7667,114.6,82.4,61,100,17.27,AU,2021-04-03 07:14:03
308,Alofi,-19.0595,-169.9187,75.2,94,85,3.44,NU,2021-04-03 07:16:11
309,Nakusp,50.2499,-117.8023,35.6,87,100,3.44,CA,2021-04-03 07:16:11
310,Taltal,-25.4,-70.4833,63.34,85,35,0.96,CL,2021-04-03 07:16:11
311,Trudobelikovskiy,45.2686,38.1631,55.0,52,100,20.47,RU,2021-04-03 07:16:11
312,Mitsamiouli,-11.3847,43.2844,89.6,58,20,11.5,KM,2021-04-03 07:16:11
313,Pokhara,28.2333,83.9833,86.38,4,49,6.91,NP,2021-04-03 07:16:12
314,Vangaindrano,-23.35,47.6,78.48,62,0,7.9,MG,2021-04-03 07:16:12
315,San Quintin,30.4833,-115.95,58.28,86,7,9.84,MX,2021-04-03 07:16:12
316,Tacuarembo,-31.7333,-55.9833,54.81,95,2,5.21,UY,2021-04-03 07:16:12
317,Nova Era,-19.75,-43.0375,62.92,97,3,1.14,BR,2021-04-03 07:16:12
318,Ariquemes,-9.9133,-63.0408,72.12,98,100,1.59,BR,2021-04-03 07:16:12
319,Flin Flon,54.7682,-101.865,23.72,95,23,4.76,CA,2021-04-03 07:16:13
320,Syracuse,37.0881,15.2792,63.0,88,75,4.61,IT,2021-04-03 07:16:13
321,Prince George,53.9166,-122.753,28.4,80,1,5.75,CA,2021-04-03 07:16:13
322,Sfantu Gheorghe,45.8667,25.7833,45.0,81,100,5.99,RO,2021-04-03 07:16:13
323,Hervey Bay,-25.2986,152.8535,75.99,72,77,5.99,AU,2021-04-03 07:16:13
324,Longyearbyen,78.2186,15.6401,17.6,79,75,5.75,SJ,2021-04-03 07:16:13
325,Labuhan,-6.8844,112.2051,87.17,64,29,11.68,ID,2021-04-03 07:16:13
326,Fairbanks,64.8378,-147.7164,15.01,85,90,5.75,US,2021-04-03 07:16:13
327,Mercedes,-34.6515,-59.4307,64.0,96,93,1.99,AR,2021-04-03 07:16:14
328,Avarua,-21.2078,-159.775,80.6,78,20,10.36,CK,2021-04-03 07:16:14
329,Lewiston,44.1003,-70.2148,23.0,79,1,4.5,US,2021-04-03 07:16:14
330,Okhotsk,59.3833,143.3,27.05,79,100,7.2,RU,2021-04-03 07:16:14
331,Kavieng,-2.5744,150.7967,83.97,72,70,5.48,PG,2021-04-03 07:16:14
332,Saint Anthony,45.0205,-93.218,50.0,46,1,3.44,US,2021-04-03 07:16:14
333,Hofn,64.2539,-15.2082,43.32,74,9,9.17,IS,2021-04-03 07:16:14
334,Poya,-21.35,165.15,76.53,88,100,4.29,NC,2021-04-03 07:16:15
335,Ambilobe,-13.2,49.05,85.87,63,5,4.34,MG,2021-04-03 07:16:15
336,Beipiao,41.7919,120.7792,53.73,10,19,21.47,CN,2021-04-03 07:16:15
337,Portobelo,9.55,-79.65,79.0,78,89,8.01,PA,2021-04-03 07:16:15
338,Abadan,30.3392,48.3043,75.2,31,40,19.57,IR,2021-04-03 07:16:15
339,Strezhevoy,60.7333,77.5889,37.4,81,75,8.95,RU,2021-04-03 07:16:15
340,Outjo,-20.1167,16.15,72.18,41,3,9.62,NA,2021-04-03 07:16:15
341,Caravelas,-17.7125,-39.2481,73.27,93,23,4.18,BR,2021-04-03 07:16:16
342,Balaipungut,1.05,101.2833,91.4,49,40,9.22,ID,2021-04-03 07:16:16
343,Beaumont,30.0861,-94.1019,44.6,87,1,5.17,US,2021-04-03 07:16:16
344,Shimoda,34.6667,138.95,64.4,63,75,8.05,JP,2021-04-03 07:16:17
345,Port-Gentil,-0.7193,8.7815,78.8,100,40,3.44,GA,2021-04-03 07:16:17
346,Lincoln,40.8,-96.667,55.99,41,1,12.66,US,2021-04-03 07:16:17
347,Ballina,-28.8667,153.5667,71.6,78,75,13.8,AU,2021-04-03 07:16:18
348,Havre-Saint-Pierre,50.2334,-63.5986,28.4,86,90,5.75,CA,2021-04-03 07:16:18
349,Cherskiy,68.75,161.3,1.22,86,27,7.14,RU,2021-04-03 07:16:18
350,Tete,-16.1564,33.5867,80.6,65,20,3.44,MZ,2021-04-03 07:16:18
351,Peruibe,-24.32,-46.9983,66.25,91,23,5.37,BR,2021-04-03 07:16:18
352,Nhulunbuy,-12.2333,136.7667,84.2,70,40,17.27,AU,2021-04-03 07:16:18
353,Atherton,53.5237,-2.4935,42.01,83,7,4.18,GB,2021-04-03 07:16:19
354,Port Elizabeth,-33.918,25.5701,66.2,68,20,3.44,ZA,2021-04-03 07:16:19
355,Carauari,-4.8828,-66.8958,72.86,98,100,1.05,BR,2021-04-03 07:16:19
356,Kodiak,57.79,-152.4072,37.4,65,75,4.61,US,2021-04-03 07:16:20
357,Kichmengskiy Gorodok,59.9816,45.7854,35.98,84,83,2.75,RU,2021-04-03 07:16:20
358,Ponta Delgada,37.7333,-25.6667,60.8,94,75,19.57,PT,2021-04-03 07:16:20
359,Rabaul,-4.1967,152.1721,83.86,71,100,5.41,PG,2021-04-03 07:16:20
360,San Policarpo,12.1791,125.5072,83.3,69,5,7.16,PH,2021-04-03 07:16:21
361,Zhanjiang,21.2815,110.3427,86.09,57,16,13.2,CN,2021-04-03 07:16:21
362,Mayahi,13.9553,7.6712,73.47,11,0,16.49,NE,2021-04-03 07:16:21
363,Murray Bridge,-35.1167,139.2667,88.0,23,0,10.78,AU,2021-04-03 07:16:22
364,Heinola,61.2056,26.0381,36.0,87,90,6.91,FI,2021-04-03 07:16:22
365,Mumford,5.2618,-0.759,80.24,85,82,8.28,GH,2021-04-03 07:16:22
366,Marihatag,8.7936,126.2969,84.61,69,100,11.16,PH,2021-04-03 07:16:22
367,Nago,26.5881,127.9761,78.8,73,75,6.91,JP,2021-04-03 07:16:22
368,Nuuk,64.1835,-51.7216,17.6,86,40,14.97,GL,2021-04-03 07:16:22
369,Siilinjarvi,63.0833,27.6667,32.0,93,90,8.05,FI,2021-04-03 07:16:22
370,Tezu,27.9167,96.1667,93.47,14,12,2.75,IN,2021-04-03 07:16:23
371,Sinop,41.7711,34.8709,47.03,71,100,10.58,TR,2021-04-03 07:16:23
372,Dunedin,-45.8742,170.5036,55.99,84,100,5.99,NZ,2021-04-03 07:14:18
373,Mizan Teferi,6.9833,35.5833,71.35,66,100,1.57,ET,2021-04-03 07:16:23
374,Port Keats,-14.25,129.55,88.93,45,100,9.24,AU,2021-04-03 07:16:23
375,Tuatapere,-46.1333,167.6833,60.01,48,100,10.0,NZ,2021-04-03 07:16:23
376,Lakes Entrance,-37.8811,147.981,80.01,59,0,3.0,AU,2021-04-03 07:16:23
377,Huanren,41.2647,125.3667,44.74,42,100,11.63,CN,2021-04-03 07:16:24
378,Machala,-3.2667,-79.9667,74.19,94,100,1.99,EC,2021-04-03 07:16:24
379,Mingaora,34.7758,72.3625,71.13,18,0,1.34,PK,2021-04-03 07:16:24
380,Fond Du Lac,43.775,-88.4388,42.8,42,1,14.97,US,2021-04-03 07:16:24
381,Broken Hill,-31.95,141.4333,86.0,20,0,9.22,AU,2021-04-03 07:16:24
382,Macherla,16.4833,79.4333,101.84,24,32,6.51,IN,2021-04-03 07:16:24
383,Kalmunai,7.4167,81.8167,88.9,52,100,6.2,LK,2021-04-03 07:16:25
384,Kieta,-6.2167,155.6333,82.51,80,100,3.83,PG,2021-04-03 07:16:25
385,Hongjiang,27.11,109.9956,52.32,90,100,4.36,CN,2021-04-03 07:16:25
386,Havre,49.5833,0.3333,43.0,70,90,18.41,FR,2021-04-03 07:16:25
387,Nelson Bay,-32.7167,152.15,75.2,64,3,11.5,AU,2021-04-03 07:16:25
388,Ponferrada,42.5466,-6.5962,50.0,93,3,1.01,ES,2021-04-03 07:16:25
389,Baiyin,36.5583,104.2081,53.01,87,90,2.24,CN,2021-04-03 07:16:25
390,Lavrentiya,65.5833,-171.0,5.95,85,100,14.58,RU,2021-04-03 07:16:25
391,Dingle,10.9995,122.6711,86.95,59,63,14.0,PH,2021-04-03 07:16:26
392,Manacapuru,-3.2997,-60.6206,75.2,94,0,2.3,BR,2021-04-03 07:16:26
393,Hastings,50.8552,0.5729,44.01,70,91,8.01,GB,2021-04-03 07:16:26
394,Batagay-Alyta,67.8006,130.4114,-1.59,84,86,8.34,RU,2021-04-03 07:16:26
395,Mundra,22.85,69.7333,90.64,35,0,10.76,IN,2021-04-03 07:16:26
396,New Plymouth,-39.0667,174.0833,55.0,58,100,1.99,NZ,2021-04-03 07:16:26
397,Adrar,20.5022,-10.0711,77.68,10,100,5.61,MR,2021-04-03 07:16:26
398,Tonj,7.2737,28.6822,91.15,14,99,5.46,SS,2021-04-03 07:16:27
399,Gotsu,35.0,132.2167,75.2,46,40,18.41,JP,2021-04-03 07:11:46
400,Kemijarvi,66.7131,27.4306,29.55,83,98,4.54,FI,2021-04-03 07:16:27
401,Saint-Georges,12.0564,-61.7485,78.8,78,20,17.27,GD,2021-04-03 07:16:27
402,Shumskiy,54.8318,99.1328,41.65,61,100,9.15,RU,2021-04-03 07:16:27
403,Villanueva,15.3167,-88.0,69.01,98,91,2.73,HN,2021-04-03 07:16:27
404,The Valley,18.217,-63.0578,77.0,73,20,10.36,AI,2021-04-03 07:16:27
405,Quatre Cocos,-20.2078,57.7625,86.0,74,40,11.5,MU,2021-04-03 07:16:28
406,Faya,18.3851,42.4509,78.8,23,0,13.8,SA,2021-04-03 07:16:28
407,Sharanga,57.1775,46.5396,32.45,97,100,6.62,RU,2021-04-03 07:16:28
408,Maralal,1.0968,36.698,70.92,52,54,6.91,KE,2021-04-03 07:16:28
409,Aguimes,27.9054,-15.4461,66.2,63,75,17.27,ES,2021-04-03 07:16:28
410,Djambala,-2.5447,14.7533,71.33,86,100,2.59,CG,2021-04-03 07:16:28
411,Abha,18.2164,42.5053,75.2,23,0,13.8,SA,2021-04-03 07:14:44
412,Nantucket,41.2835,-70.0995,32.0,57,11,15.61,US,2021-04-03 07:16:29
413,Gazanjyk,39.2446,55.5154,65.35,43,0,7.14,TM,2021-04-03 07:16:29
414,Cayenne,4.9333,-52.3333,75.2,94,75,6.85,GF,2021-04-03 07:16:29
415,Capanema,-1.1958,-47.1808,71.94,98,69,2.95,BR,2021-04-03 07:16:29
416,Tokur,53.1333,132.9,22.86,92,100,9.22,RU,2021-04-03 07:16:29
417,Sinnamary,5.3833,-52.95,76.37,91,100,7.07,GF,2021-04-03 07:16:29
418,Bonavista,48.6499,-53.1147,39.2,100,100,6.91,CA,2021-04-03 07:16:29
419,Marrakesh,31.6315,-8.0083,51.8,87,73,5.75,MA,2021-04-03 07:16:29
420,Ullal,12.8,74.85,89.6,55,40,10.36,IN,2021-04-03 07:16:30
421,Tagusao,9.1924,117.8141,84.94,68,76,7.29,PH,2021-04-03 07:16:30
422,Santa Cruz De La Palma,28.6835,-17.7642,64.4,63,75,6.91,ES,2021-04-03 07:16:30
423,Mataram,-8.5833,116.1167,87.8,66,75,11.5,ID,2021-04-03 07:14:45
424,Pardi,20.5167,72.95,91.4,49,5,9.22,IN,2021-04-03 07:16:30
425,Sur,22.5667,59.5289,93.2,29,8,5.26,OM,2021-04-03 07:16:30
426,Barabai,-2.5833,115.3833,87.75,63,100,2.89,ID,2021-04-03 07:16:30
427,Wanning,18.8003,110.3967,85.55,64,8,9.69,CN,2021-04-03 07:16:31
428,Aklavik,68.2191,-135.0107,-5.8,77,100,5.75,CA,2021-04-03 07:16:31
429,New Cumnock,55.3956,-4.1846,37.99,93,0,2.3,GB,2021-04-03 07:16:32
430,Umm Kaddadah,13.6017,26.6876,78.53,12,17,23.29,SD,2021-04-03 07:16:32
431,Vila Velha,-20.3297,-40.2925,71.6,94,90,1.14,BR,2021-04-03 07:16:32
432,Makakilo City,21.3469,-158.0858,73.4,73,1,6.91,US,2021-04-03 07:16:33
433,Lagoa,39.05,-27.9833,58.32,94,100,26.55,PT,2021-04-03 07:16:33
434,Warwick,41.7001,-71.4162,30.99,59,75,4.61,US,2021-04-03 07:16:33
435,Yangjiang,21.85,111.9667,89.01,56,80,9.73,CN,2021-04-03 07:16:33
436,Hamadan,34.7992,48.5146,51.8,30,20,13.8,IR,2021-04-03 07:16:33
437,Londoko,49.0333,131.9833,35.01,39,12,17.27,RU,2021-04-03 07:16:33
438,Ardakan,32.31,54.0175,78.8,22,40,6.91,IR,2021-04-03 07:16:33
439,Port Hardy,50.6996,-127.4199,44.6,75,75,5.75,CA,2021-04-03 07:16:34
440,Codrington,-38.2667,141.9667,82.47,28,0,14.5,AU,2021-04-03 07:16:34
441,Yar-Sale,66.8333,70.8333,31.33,99,100,5.91,RU,2021-04-03 07:16:34
442,Bereda,43.2686,-7.5406,50.0,100,95,5.01,ES,2021-04-03 07:16:35
443,Huazhou,21.6333,110.5833,89.4,47,14,12.68,CN,2021-04-03 07:16:35
444,Danville,36.586,-79.395,28.99,80,1,3.44,US,2021-04-03 07:16:35
445,Ixtapa,20.7,-105.2,73.99,76,100,3.4,MX,2021-04-03 07:16:35
446,Rawson,-43.3002,-65.1023,63.32,72,0,9.4,AR,2021-04-03 07:16:35
447,Alihe,50.5667,123.7167,38.43,32,5,12.39,CN,2021-04-03 07:16:35
448,Drakino,51.139,39.4021,37.09,94,100,8.99,RU,2021-04-03 07:16:35
449,Alyangula,-13.8483,136.4192,84.63,63,100,12.37,AU,2021-04-03 07:16:35
450,Naze,28.3667,129.4833,71.6,88,75,13.8,JP,2021-04-03 07:14:46
451,Tonantins,-2.8731,-67.8022,72.64,99,100,1.3,BR,2021-04-03 07:16:37
452,Appleton,44.2619,-88.4154,41.0,56,100,4.0,US,2021-04-03 07:16:37
453,Marsa Matruh,31.3525,27.2453,57.2,58,0,12.66,EG,2021-04-03 07:16:37
454,Camocim,-2.9022,-40.8411,74.73,92,82,7.96,BR,2021-04-03 07:16:37
455,Portland,45.5234,-122.6762,50.0,71,40,4.61,US,2021-04-03 07:13:36
456,Muriti,-1.9833,32.9167,68.0,94,75,5.17,TZ,2021-04-03 07:16:38
457,Comodoro Rivadavia,-45.8667,-67.5,57.2,62,0,9.22,AR,2021-04-03 07:16:38
458,Kiruna,67.8557,20.2251,30.2,59,90,6.91,SE,2021-04-03 07:16:38
459,Mananjary,-21.2167,48.3333,80.29,59,51,1.74,MG,2021-04-03 07:16:38
460,Bonoua,5.2741,-3.595,82.4,94,20,8.05,CI,2021-04-03 07:16:38
461,Kudahuvadhoo,2.6708,72.8944,83.44,75,8,15.21,MV,2021-04-03 07:16:38
462,Ratnagiri,16.9833,73.3,86.18,54,3,10.38,IN,2021-04-03 07:16:39
463,Vallenar,-28.5708,-70.7581,64.74,63,100,1.19,CL,2021-04-03 07:16:39
464,Gadsden,34.0143,-86.0066,30.0,100,1,3.76,US,2021-04-03 07:16:39
465,Beltangadi,13.9833,75.3,92.3,29,92,9.4,IN,2021-04-03 07:16:40
466,Palmares Do Sul,-30.2578,-50.5097,66.88,86,5,8.48,BR,2021-04-03 07:16:40
467,Bermejo,-32.8833,-68.8,64.4,72,20,4.61,AR,2021-04-03 07:16:40
468,Jalu,29.0331,21.5482,68.85,22,0,10.45,LY,2021-04-03 07:16:40
469,Naron,43.5167,-8.1528,52.0,100,9,2.3,ES,2021-04-03 07:16:40
470,Hobyo,5.3505,48.5268,83.55,70,99,7.07,SO,2021-04-03 07:16:40
471,Koundara,12.4833,-13.3,72.57,74,7,3.96,GN,2021-04-03 07:16:40
472,Gbadolite,4.2833,21.0167,72.64,87,100,4.14,CD,2021-04-03 07:16:41
473,Dubrajpur,23.8,87.3833,102.69,9,0,5.01,IN,2021-04-03 07:16:41
474,Handan,36.6006,114.4678,53.74,51,97,11.72,CN,2021-04-03 07:16:41
475,Severnoye,56.3491,78.3619,32.83,99,100,10.94,RU,2021-04-03 07:16:41
476,Watsa,3.0372,29.5355,77.25,60,84,2.21,CD,2021-04-03 07:16:42
477,Huilong,31.8111,121.655,62.01,85,100,17.94,CN,2021-04-03 07:16:42
478,Moose Factory,51.2585,-80.6094,21.2,49,90,8.05,CA,2021-04-03 07:16:42
479,Maragogi,-9.0122,-35.2225,76.21,83,54,1.9,BR,2021-04-03 07:16:42
480,Kushiro,42.975,144.3747,44.6,87,75,11.5,JP,2021-04-03 07:13:13
481,Lida,53.8833,25.2997,37.71,79,100,7.99,BY,2021-04-03 07:16:43
482,Tucurui,-3.7661,-49.6725,72.1,97,18,1.45,BR,2021-04-03 07:16:43
483,Los Llanos De Aridane,28.6585,-17.9182,64.4,63,75,6.91,ES,2021-04-03 07:16:43
484,Hami,42.8,93.45,62.01,7,3,10.0,CN,2021-04-03 07:16:43
485,Bartica,6.4,-58.6167,75.2,94,40,4.61,GY,2021-04-03 07:16:43
486,Tuy Hoa,13.0833,109.3,87.84,55,89,10.89,VN,2021-04-03 07:13:32
487,Talcahuano,-36.7167,-73.1167,48.2,100,0,5.75,CL,2021-04-03 07:16:44
488,Yablonovo,50.8523,37.3574,35.6,93,75,8.95,RU,2021-04-03 07:16:44
489,Tiznit,29.5833,-9.5,55.33,86,37,2.44,MA,2021-04-03 07:16:44
490,Sinjar,36.3209,41.8754,55.71,52,9,12.39,IQ,2021-04-03 07:16:44
491,Ust-Kuyga,70.0167,135.6,-1.91,89,100,11.01,RU,2021-04-03 07:16:44
492,Lola,7.8,-8.5333,70.99,94,85,2.46,GN,2021-04-03 07:16:44
493,Roald,62.5833,6.1333,39.2,75,75,14.97,NO,2021-04-03 07:16:44
494,Poum,-20.2333,164.0167,80.56,82,100,12.35,NC,2021-04-03 07:16:45
495,Nouadhibou,20.931,-17.0347,66.2,82,0,17.27,MR,2021-04-03 07:16:45
496,Boende,-0.2167,20.8667,76.33,79,100,4.12,CD,2021-04-03 07:16:45
497,Chapais,49.7834,-74.8492,8.6,61,1,4.61,CA,2021-04-03 07:16:45
498,Dumabato,16.3167,121.7,88.0,44,0,1.57,PH,2021-04-03 07:16:45
499,Berlevag,70.8578,29.0864,33.8,86,75,10.36,NO,2021-04-03 07:16:45
500,Rocha,-34.4833,-54.3333,57.6,93,0,3.42,UY,2021-04-03 07:16:45
501,Chara,56.9064,118.2631,25.34,75,100,3.91,RU,2021-04-03 07:16:46
502,Kulhudhuffushi,6.6221,73.07,83.35,74,22,12.35,MV,2021-04-03 07:16:46
503,Atasu,48.6814,71.6433,34.27,90,15,9.75,KZ,2021-04-03 07:16:46
504,Petropavlovsk-Kamchatskiy,53.0452,158.6483,39.2,33,98,2.24,RU,2021-04-03 07:16:46
505,Batticaloa,7.7102,81.6924,87.67,56,45,7.23,LK,2021-04-03 07:16:46
506,Nanortalik,60.1432,-45.2371,36.12,98,100,1.83,GL,2021-04-03 07:16:46
507,Salinopolis,-0.6136,-47.3561,77.85,85,99,8.23,BR,2021-04-03 07:16:46
508,Vitim,59.4511,112.5578,33.04,86,100,8.79,RU,2021-04-03 07:16:47
509,Mao,39.8885,4.2658,57.2,94,0,2.3,ES,2021-04-03 07:16:47
510,Sao Filipe,14.8961,-24.4956,73.65,68,84,7.49,CV,2021-04-03 07:16:47
511,Beloha,-25.1667,45.05,85.87,37,0,7.85,MG,2021-04-03 07:16:47
512,Skofljica,45.9833,14.5767,46.4,87,75,8.05,SI,2021-04-03 07:16:47
513,Teguldet,57.3064,88.1667,33.85,98,100,11.54,RU,2021-04-03 07:16:47
514,San Luis Obispo,35.3666,-120.5343,52.0,87,90,4.61,US,2021-04-03 07:16:48
515,Turukhansk,65.8167,87.9833,17.92,90,100,12.73,RU,2021-04-03 07:16:48
516,San Rafael,-34.6177,-68.3301,64.36,67,0,3.09,AR,2021-04-03 07:16:48
517,Mehamn,71.0357,27.8492,33.8,86,75,10.36,NO,2021-04-03 07:16:48
518,Atambua,-9.1061,124.8925,77.67,84,100,7.63,ID,2021-04-03 07:16:49
519,Mancora,-4.1078,-81.0475,74.32,84,100,1.61,PE,2021-04-03 07:16:49
520,Port Lincoln,-34.7333,135.8667,81.72,37,0,5.3,AU,2021-04-03 07:16:49
521,Worthing,50.8145,-0.3713,43.0,3,24,1.01,GB,2021-04-03 07:16:49
522,Coquimbo,-29.9533,-71.3436,55.4,94,0,4.61,CL,2021-04-03 07:16:50
523,Maceio,-9.6658,-35.7353,69.8,100,20,5.75,BR,2021-04-03 07:15:49
524,Deputatskiy,69.3,139.9,-2.33,95,100,4.18,RU,2021-04-03 07:16:51
525,Srednekolymsk,67.45,153.6833,2.41,88,100,3.33,RU,2021-04-03 07:16:51
526,Finnsnes,69.2296,17.9811,33.8,69,90,5.75,NO,2021-04-03 07:16:51
527,Alta Floresta,-9.8756,-56.0861,69.31,97,100,2.51,BR,2021-04-03 07:16:51
528,Healesville,-37.65,145.5167,82.0,42,0,1.01,AU,2021-04-03 07:16:51
529,Gao,16.6362,1.637,73.87,9,6,13.24,ML,2021-04-03 07:16:51
530,Darasun,51.6667,114.0,46.4,19,8,22.37,RU,2021-04-03 07:16:51
531,Kosonsoy,41.2561,71.5508,59.0,20,100,6.91,UZ,2021-04-03 07:16:52
532,Independence,39.0911,-94.4155,55.4,43,1,14.97,US,2021-04-03 07:16:52
533,Balao,-2.9167,-79.8167,74.25,95,100,2.64,EC,2021-04-03 07:16:52
534,Shingu,33.7333,135.9833,66.2,55,75,9.22,JP,2021-04-03 07:16:09
535,Garowe,8.4054,48.4845,84.72,35,3,3.29,SO,2021-04-03 07:16:52
536,Solnechnyy,50.7214,136.6319,31.96,51,0,18.3,RU,2021-04-03 07:16:52
537,Puerto Carreno,6.189,-67.4859,78.66,79,100,5.03,CO,2021-04-03 07:13:25
538,Lompoc,34.6391,-120.4579,51.8,82,20,6.4,US,2021-04-03 07:16:52
539,Lebanon,36.2081,-86.2911,30.99,86,75,3.56,US,2021-04-03 07:16:53
540,Kumluca,36.3703,30.2869,59.22,62,6,4.25,TR,2021-04-03 07:16:53
541,Hauterive,46.0901,3.4459,41.0,70,0,12.66,FR,2021-04-03 07:16:53
542,Pyaozerskiy,65.8333,31.1667,32.54,81,76,2.53,RU,2021-04-03 07:16:53
543,Fukue,32.6881,128.8419,68.0,88,75,8.05,JP,2021-04-03 07:16:53
544,Mayumba,-3.432,10.6554,79.14,85,100,4.23,GA,2021-04-03 07:16:53
545,Borba,-4.3878,-59.5939,72.28,98,92,2.73,BR,2021-04-03 07:16:54
546,Searcy,35.2506,-91.7363,37.99,70,1,3.2,US,2021-04-03 07:16:54
547,Payo,-3.7508,103.6372,83.98,82,100,3.83,ID,2021-04-03 07:16:54
548,Chuy,-33.6971,-53.4616,61.05,86,11,2.39,UY,2021-04-03 07:16:54
549,Solna,49.2231,18.7394,37.99,81,90,1.14,SK,2021-04-03 07:16:54
550,Camopi,3.1655,-52.3158,71.35,99,99,0.85,GF,2021-04-03 07:16:55
551,Gimli,50.6336,-96.9907,41.0,36,33,5.75,CA,2021-04-03 07:16:55
552,Horsham,51.064,-0.3272,43.0,65,75,13.8,GB,2021-04-03 07:16:55
553,Mangrol,21.1167,70.1167,86.81,45,0,9.51,IN,2021-04-03 07:16:56
554,Duarte,34.1394,-117.9773,59.0,63,1,1.5,US,2021-04-03 07:16:57
555,South Lake Tahoe,38.9332,-119.9844,51.01,65,1,5.86,US,2021-04-03 07:16:57
556,Valparaiso,-33.0393,-71.6273,50.0,100,90,2.3,CL,2021-04-03 07:16:58
